Subject,Age,Sex,DirectGenDK,DirectGenDK.RT,Age when event occurred,Vividness,Intensity of Emotion,Valence,Perspective,Perspective.RT,WordsPresented,CueType,logRT
1,19,male,Direct,16845,11,4,1,5,2,6436,1Humorous,emo,4.22647101531714
1,19,male,Gen,3183,9,3,1,5,2,7705,1Amazed,emo,3.502836638621
1,19,male,Gen,8731,17,4,2,5,2,5515,1Devoted,emo,3.9410639882199
1,19,male,Gen,13455,14,4,4,3,1,7303,1Eager,emo,4.12888370209977
1,19,male,Gen,1699,19,4,2,5,1,12129,1Enjoying,emo,3.23019337886905
1,19,male,Gen,2974,16,5,4,5,3,7195,1Excited,emo,3.47334096418594
1,19,male,Gen,4302,17,5,2,5,3,4893,1Happy,emo,3.63367040605144
1,19,male,Gen,4415,16,3,4,3,3,7418,1Hopeful ,emo,3.64493070791359
1,19,male,Gen,11700,18,3,3,5,2,8731,1Proud,emo,4.06818586174616
1,19,male,Gen,6614,17,3,2,4,2,2094,1Relieved,emo,3.82046419057768
1,19,male,Gen,1636,19,5,3,5,3,3456,2Apple,object,3.2137832993353
1,19,male,Gen,2698,14,3,2,1,3,3127,2Arm,object,3.43104194533589
1,19,male,Gen,2805,18,3,1,2,1,2396,2Book,object,3.44793286559218
1,19,male,Gen,20835,17,5,2,5,3,6101,2Car,object,4.3187935047933
1,19,male,Gen,1538,18,4,2,5,1,2651,2Grass,object,3.18695633546541
1,19,male,Gen,29346,12,4,2,2,1,21271,2Insect,object,4.46754891320493
1,19,male,Gen,3602,17,3,3,3,2,2059,2Potato,object,3.55654370848351
1,19,male,Gen,31573,13,3,2,5,3,6706,2River,object,4.49931584960033
1,19,male,Gen,3090,18,2,3,3,1,2227,2Salad,object,3.48995847942483
1,19,male,DK,18498,10,3,2,3,1,2283,2Chair,object,4.26712477511015
2,19,male,Direct,8921,19,3,2,3,3,3725,1Devoted,emo,3.95041353936938
2,19,male,Direct,1822,18,4,3,5,2,1206,1Excited,emo,3.26054837263698
2,19,male,Direct,14161,18,5,3,5,2,21813,1Happy,emo,4.15109392278506
2,19,male,Direct,9119,18,4,4,1,2,13116,1Hopeful ,emo,3.9599472157085
2,19,male,Direct,21098,18,4,2,5,2,19527,1Proud,emo,4.32424128799287
2,19,male,Gen,15522,18,4,4,5,2,3550,1Amazed,emo,4.19094767910019
2,19,male,Gen,26262,8,2,1,2,2,2251,1Eager,emo,4.41932779699676
2,19,male,Gen,13207,10,2,3,5,2,2702,1Enjoying,emo,4.1208041778408
2,19,male,Gen,1707,9,1,2,5,2,3781,1Humorous,emo,3.23223352111473
2,19,male,Gen,4519,17,5,5,4,3,3094,1Relieved,emo,3.6550423413312
2,19,male,Direct,11517,14,5,4,1,2,1651,2Chair,object,4.06133936683707
2,19,male,Direct,3721,15,4,4,2,2,8618,2River,object,3.57065967002153
2,19,male,Direct,7559,19,4,1,3,1,2391,2Salad,object,3.87846434534147
2,19,male,Gen,16156,12,5,3,5,2,1766,2Apple,object,4.20833384449795
2,19,male,Gen,14005,4,4,5,1,2,4094,2Arm,object,4.14628311315959
2,19,male,Gen,1717,13,4,3,3,2,1489,2Book,object,3.23477029516092
2,19,male,Gen,24305,11,2,3,4,2,9323,2Car,object,4.38569562541056
2,19,male,Gen,2582,18,4,4,4,1,5913,2Grass,object,3.4119562379304
2,19,male,Gen,1308,14,2,3,4,2,1837,2Potato,object,3.11660774398825
2,19,male,DK,16043,7,3,4,1,1,4314,2Insect,object,4.20528558350053
3,18,female,Direct,5360,18,5,3,5,3,2200,1Amazed,emo,3.72916478969277
3,18,female,Gen,1414,17,4,4,4,3,2312,1Enjoying,emo,3.15044940946088
3,18,female,Gen,5951,18,5,4,5,2,1440,1Excited,emo,3.77458995026479
3,18,female,Gen,2261,17,3,3,5,3,1413,1Happy,emo,3.35430056234536
3,18,female,Gen,15661,11,4,2,3,2,7373,1Humorous,emo,4.19481948956204
3,18,female,Gen,3840,17,5,5,4,1,3521,1Proud,emo,3.58433122436753
3,18,female,Gen,2497,16,4,4,2,2,2481,1Relieved,emo,3.39741854235135
3,18,female,DK,2092,16,2,2,2,3,1352,1Devoted,emo,3.32056168019524
3,18,female,DK,5737,17,2,2,3,3,3186,1Eager,emo,3.75868484988244
3,18,female,DK,2918,17,3,3,3,3,960,1Hopeful ,emo,3.46508528755743
3,18,female,Direct,1821,16,3,3,3,3,1620,2Apple,object,3.26030994579492
3,18,female,Direct,11568,13,3,2,3,1,3671,2Book,object,4.06325827995046
3,18,female,Direct,1207,18,4,3,3,2,2114,2Salad,object,3.08170727009735
3,18,female,Gen,2627,70,1,1,3,3,5611,2Arm,object,3.41946007278607
3,18,female,Gen,2007,18,4,4,5,2,2199,2Car,object,3.30254737248749
3,18,female,Gen,1575,13,2,3,3,3,1039,2Chair,object,3.19728055812562
3,18,female,Gen,5986,17,3,2,4,1,1504,2Grass,object,3.77713671250417
3,18,female,Gen,2032,15,4,4,4,3,2448,2Insect,object,3.30792370361188
3,18,female,Gen,2190,18,5,3,4,3,4062,2Potato,object,3.34044411484012
3,18,female,Gen,1513,16,4,4,5,3,1572,2River,object,3.17983892802319
4,38,male,Direct,4673,38,5,4,3,2,3637,1Amazed,emo,3.66959578102431
4,38,male,Direct,6436,38,4,2,4,1,7983,1Devoted,emo,3.80861603542699
4,38,male,Direct,13943,22,5,2,2,1,2392,1Eager,emo,4.14435622736818
4,38,male,Direct,5796,38,4,2,4,1,1196,1Excited,emo,3.76312837679914
4,38,male,Direct,3190,32,2,1,2,2,1710,1Happy,emo,3.50379068305718
4,38,male,Direct,13862,37,1,3,2,2,9112,1Hopeful ,emo,4.14182589451108
4,38,male,Direct,7114,38,2,1,5,1,1319,1Humorous,emo,3.85211386084976
4,38,male,Direct,8054,24,3,4,5,1,1476,1Relieved,emo,3.90601162527141
4,38,male,Gen,9027,34,5,2,5,1,4899,1Enjoying,emo,3.95554344245974
4,38,male,Gen,10078,37,4,2,5,2,1523,1Proud,emo,4.00337435401975
4,38,male,Direct,2639,38,4,3,3,1,1271,2Apple,object,3.42143939022005
4,38,male,Direct,10929,39,3,3,2,3,3128,2Arm,object,4.03858042596158
4,38,male,Direct,6500,38,2,2,3,1,1401,2Book,object,3.81291335664286
4,38,male,Direct,6600,33,2,2,5,2,4513,2Car,object,3.81954393554187
4,38,male,Direct,3419,37,3,2,4,2,2331,2Chair,object,3.53389910079659
4,38,male,Direct,4824,38,5,3,3,2,2830,2Grass,object,3.68340729913209
4,38,male,Direct,2941,38,4,2,2,1,1308,2Potato,object,3.46849502450707
4,38,male,Direct,5569,34,4,3,5,3,3045,2River,object,3.74577721788976
4,38,male,Gen,9605,37,4,3,2,2,5878,2Salad,object,3.98249736919771
4,38,male,DK,17335,11,2,1,3,1,20070,2Insect,object,4.23892384599242
5,18,female,Direct,1327,18,5,5,5,1,532,1Amazed,emo,3.12287092286444
5,18,female,Direct,1335,55,2,5,4,2,1119,1Proud,emo,3.12548126570059
5,18,female,Gen,1299,16,5,5,5,1,1120,1Devoted,emo,3.11360915107303
5,18,female,Gen,1072,2,1,3,3,1,3007,1Eager,emo,3.03019478535675
5,18,female,Gen,1500,25,2,3,2,1,1038,1Happy,emo,3.17609125905568
5,18,female,Gen,1143,30,2,1,1,1,660,1Hopeful ,emo,3.05804623039528
5,18,female,Gen,6364,11,3,4,2,1,5018,1Humorous,emo,3.80373017097454
5,18,female,Gen,1320,18,2,5,5,1,536,1Relieved,emo,3.12057393120585
5,18,female,DK,2790,12,1,2,3,2,659,1Enjoying,emo,3.4456042032736
5,18,female,DK,1395,18,5,4,3,2,1209,1Excited,emo,3.14457420760962
5,18,female,Direct,2655,21,1,1,2,2,778,2Apple,object,3.42406452541749
5,18,female,Direct,1526,23,1,1,3,2,752,2Chair,object,3.18355453361886
5,18,female,Direct,1885,2,1,1,3,2,1569,2Salad,object,3.27531135454181
5,18,female,Gen,1319,21,2,3,2,1,1250,2Book,object,3.12024479554637
5,18,female,Gen,1651,32,2,3,3,1,1256,2Car,object,3.21774707326279
5,18,female,Gen,943,21,1,3,2,2,553,2Grass,object,2.97451169273733
5,18,female,Gen,2090,80,2,1,2,1,2116,2Insect,object,3.32014628611105
5,18,female,Gen,1135,22,1,1,2,2,512,2Potato,object,3.05499586152914
5,18,female,DK,1836,23,1,1,3,3,1697,2Arm,object,3.26387267686522
5,18,female,DK,1446,23,1,2,3,3,948,2River,object,3.16016829295851
6,30,female,Direct,2149,30,4,3,4,2,1861,1Amazed,emo,3.33223641549144
6,30,female,Direct,4795,30,2,2,3,2,7947,1Eager,emo,3.68078861150668
6,30,female,Direct,12327,30,5,3,5,2,5880,1Enjoying,emo,4.09085739598153
6,30,female,Direct,4552,30,4,4,5,2,7795,1Happy,emo,3.65820225338701
6,30,female,Direct,5197,30,3,3,4,2,1995,1Hopeful ,emo,3.71575271682286
6,30,female,Direct,2931,30,4,4,5,2,5676,1Humorous,emo,3.46701581843844
6,30,female,Direct,4334,30,4,3,5,2,4293,1Proud,emo,3.6368889069838
6,30,female,Direct,4917,30,3,1,4,2,4141,1Relieved,emo,3.69170020829016
6,30,female,Gen,4533,30,5,4,5,2,2924,1Devoted,emo,3.65638571905869
6,30,female,Gen,12141,33,5,4,5,1,8686,1Excited,emo,4.08425445911123
6,30,female,Direct,1343,30,2,1,3,2,2449,2Apple,object,3.12807601266872
6,30,female,Direct,5464,30,4,1,2,2,4607,2Arm,object,3.73751069067348
6,30,female,Direct,4646,30,2,1,3,2,4788,2Chair,object,3.66707920546422
6,30,female,Direct,8215,30,3,1,4,2,2952,2River,object,3.91460756777108
6,30,female,Direct,2747,30,5,1,3,2,5441,2Salad,object,3.43885865942056
6,30,female,Gen,2321,30,5,1,3,2,1216,2Book,object,3.36567514045592
6,30,female,Gen,12043,30,4,1,3,2,3107,2Car,object,4.08073468635314
6,30,female,Gen,1907,30,4,1,3,2,6725,2Grass,object,3.28035069304601
6,30,female,Gen,2231,30,3,3,4,2,4757,2Insect,object,3.34849957028384
6,30,female,Gen,3208,30,4,1,3,2,1630,2Potato,object,3.50623435961213
7,19,female,Gen,3467,18,5,5,5,3,1832,1Excited,emo,3.5399538416564
7,19,female,Gen,12226,18,5,3,5,3,5769,1Happy,emo,4.08728439145376
7,19,female,DK,1795,12,5,3,5,3,1121,1Amazed,emo,3.25406445291434
7,19,female,DK,1345,19,5,2,4,3,610,1Devoted,emo,3.12872228433843
7,19,female,DK,2323,18,5,5,2,3,2675,1Eager,emo,3.36604920980024
7,19,female,DK,1268,18,5,3,5,3,2377,1Enjoying,emo,3.10311925354571
7,19,female,DK,1506,18,5,3,5,3,2763,1Hopeful ,emo,3.17782497186468
7,19,female,DK,5509,19,5,3,5,3,2255,1Humorous,emo,3.74107277237332
7,19,female,DK,2437,18,5,4,5,2,3765,1Proud,emo,3.38685552918472
7,19,female,DK,1748,19,5,4,4,3,767,1Relieved,emo,3.24254142829838
7,19,female,Gen,2897,18,2,2,3,3,7234,2Book,object,3.46194849520376
7,19,female,Gen,2229,19,2,3,3,2,1507,2Potato,object,3.34811006848024
7,19,female,Gen,2448,19,5,3,5,2,1143,2River,object,3.38881141347352
7,19,female,DK,5110,19,4,1,4,1,3858,2Apple,object,3.70842090013471
7,19,female,DK,2936,8,2,3,1,1,2677,2Arm,object,3.46775605124403
7,19,female,DK,3893,17,4,4,4,3,773,2Car,object,3.59028440371816
7,19,female,DK,9120,18,2,2,3,3,1831,2Chair,object,3.95999483832842
7,19,female,DK,3590,18,5,3,5,3,1268,2Grass,object,3.55509444857832
7,19,female,DK,1730,19,5,5,1,3,756,2Insect,object,3.2380461031288
7,19,female,DK,2995,19,5,3,2,1,10333,2Salad,object,3.47639682672533
8,19,female,Direct,6478,16,3,2,3,3,3963,1Eager,emo,3.81144094367416
8,19,female,Direct,1857,18,5,3,5,1,4200,1Enjoying,emo,3.26881190373978
8,19,female,Direct,3820,15,4,3,4,2,8126,1Excited,emo,3.58206336291171
8,19,female,Direct,3875,18,5,3,5,1,4061,1Happy,emo,3.58827170684233
8,19,female,Gen,4842,17,5,5,5,2,1084,1Amazed,emo,3.68502478510571
8,19,female,Gen,2970,19,5,5,5,2,2669,1Devoted,emo,3.47275644931721
8,19,female,Gen,2176,17,2,2,3,2,3218,1Hopeful ,emo,3.33765889102614
8,19,female,Gen,2505,19,4,2,4,2,1849,1Humorous,emo,3.39880773020326
8,19,female,Gen,2168,19,5,3,5,2,3541,1Proud,emo,3.33605927786635
8,19,female,Gen,3293,18,5,5,2,1,1825,1Relieved,emo,3.51759173071191
8,19,female,Direct,4567,10,2,1,3,2,2363,2Arm,object,3.659631011607
8,19,female,Direct,5685,19,5,4,4,1,3146,2Book,object,3.75473046902375
8,19,female,Direct,19962,11,5,2,3,2,6786,2Insect,object,4.30020405125247
8,19,female,Direct,3176,19,3,1,3,2,3522,2Potato,object,3.50188049375506
8,19,female,Gen,1919,19,4,1,4,2,6211,2Apple,object,3.28307497473547
8,19,female,Gen,1905,16,5,4,4,3,2371,2Car,object,3.27989498001164
8,19,female,Gen,2185,19,3,1,4,3,3506,2Chair,object,3.33945144130644
8,19,female,Gen,1912,17,5,3,4,3,2405,2Grass,object,3.28148788794008
8,19,female,Gen,2993,17,4,3,4,1,3294,2River,object,3.47610671684019
8,19,female,Gen,3566,18,2,1,3,2,5343,2Salad,object,3.55218133883934
9,20,female,Direct,7556,20,3,2,4,3,6043,1Amazed,emo,3.8782919492498
9,20,female,Direct,2207,20,2,2,2,2,2667,1Eager,emo,3.34380233316165
9,20,female,Direct,3475,20,3,3,4,2,9411,1Happy,emo,3.54095480892613
9,20,female,Direct,3282,11,3,3,5,2,3107,1Humorous,emo,3.51613857671707
9,20,female,Direct,8544,17,1,2,2,3,3323,1Relieved,emo,3.93166123968448
9,20,female,Gen,6502,7,2,3,4,2,3295,1Devoted,emo,3.81304696516011
9,20,female,Gen,2975,20,3,3,5,2,3786,1Enjoying,emo,3.47348697006457
9,20,female,Gen,1981,15,3,3,5,2,4980,1Excited,emo,3.29688447553855
9,20,female,Gen,3459,17,3,4,1,3,4139,1Hopeful ,emo,3.53895056201436
9,20,female,Gen,3562,16,3,1,4,1,7241,1Proud,emo,3.55169391512722
9,20,female,Direct,2988,20,4,1,3,2,6753,2Book,object,3.47538059314336
9,20,female,Direct,2351,10,2,1,3,3,4366,2Grass,object,3.37125262912494
9,20,female,Direct,4626,6,2,3,4,3,2752,2River,object,3.6652056284346
9,20,female,Direct,3919,20,4,1,3,2,3481,2Salad,object,3.5931752634781
9,20,female,Gen,17812,16,3,2,4,2,15336,2Apple,object,4.25071268645919
9,20,female,Gen,2739,12,3,3,4,3,5979,2Arm,object,3.43759203225396
9,20,female,Gen,2125,17,3,3,5,2,4702,2Car,object,3.32735893438633
9,20,female,Gen,1861,11,3,2,5,2,3214,2Chair,object,3.26974637313077
9,20,female,Gen,3558,11,2,2,4,2,4165,2Insect,object,3.55120594374791
9,20,female,Gen,3230,19,3,2,4,3,4449,2Potato,object,3.5092025223311
10,39,male,Direct,2225,26,2,2,2,1,1608,1Eager,emo,3.34733001531695
10,39,male,Gen,2396,30,3,2,2,3,3518,1Amazed,emo,3.37948681371727
10,39,male,Gen,5536,20,4,4,2,1,2118,1Hopeful ,emo,3.7431960814487
10,39,male,Gen,2578,29,3,1,3,2,2116,1Relieved,emo,3.41128291301738
10,39,male,DK,14719,30,2,2,4,2,10534,1Devoted,emo,4.16787830529805
10,39,male,DK,3842,18,2,1,4,1,2377,1Enjoying,emo,3.58455736052567
10,39,male,DK,3476,35,2,1,4,2,9136,1Excited,emo,3.54107976777663
10,39,male,DK,5043,23,1,1,2,2,2879,1Happy,emo,3.70268896815913
10,39,male,DK,7543,35,3,2,5,2,5150,1Humorous,emo,3.87754410771594
10,39,male,DK,11753,37,1,2,1,2,6870,1Proud,emo,4.07014873615231
10,39,male,Direct,7348,80,4,2,4,1,1528,2Apple,object,3.86616914763377
10,39,male,Direct,3913,30,3,3,4,1,2038,2Book,object,3.59250984790068
10,39,male,Direct,2526,90,1,2,4,3,2358,2Grass,object,3.40243334621931
10,39,male,Direct,10398,12,2,3,3,2,3202,2Insect,object,4.01694981309756
10,39,male,Direct,4551,14,4,4,3,3,3479,2Potato,object,3.65810683550639
10,39,male,Direct,3291,28,3,3,4,3,2230,2River,object,3.51732788229437
10,39,male,Gen,8927,18,2,3,4,2,1962,2Car,object,3.95070553477386
10,39,male,Gen,2941,38,3,2,5,2,5844,2Salad,object,3.46849502450707
10,39,male,DK,6305,25,2,1,2,2,14221,2Arm,object,3.7996850909091
10,39,male,DK,3902,7,2,1,2,1,7850,2Chair,object,3.5912872650585
11,31,female,Direct,4962,30,3,4,4,2,2862,1Amazed,emo,3.69565675993619
11,31,female,Direct,4069,31,4,4,4,3,4168,1Eager,emo,3.60948768985329
11,31,female,Direct,3607,31,5,4,5,3,3970,1Excited,emo,3.55714614231836
11,31,female,Direct,4469,31,5,4,5,2,3432,1Hopeful ,emo,3.65021035466036
11,31,female,Direct,14019,31,3,2,5,2,25279,1Humorous,emo,4.14671703574398
11,31,female,Gen,2225,9,4,4,4,2,2270,1Devoted,emo,3.34733001531695
11,31,female,Gen,3636,31,5,4,5,2,3149,1Enjoying,emo,3.56062387454993
11,31,female,Gen,3365,31,5,5,5,3,4580,1Happy,emo,3.52698506856
11,31,female,Gen,4760,31,4,4,4,1,2453,1Proud,emo,3.67760695272049
11,31,female,Gen,3019,31,4,4,4,3,3477,1Relieved,emo,3.4798631130231
11,31,female,Direct,9955,31,4,4,4,2,3852,2Apple,object,3.99804126436343
11,31,female,Direct,2099,30,4,4,4,2,3002,2Arm,object,3.3220124385824
11,31,female,Direct,2358,22,5,5,1,3,4393,2Car,object,3.37254380075907
11,31,female,Direct,1843,15,2,4,5,2,2696,2Salad,object,3.26552533521907
11,31,female,Gen,9574,31,4,4,5,3,4209,2Book,object,3.98109342314593
11,31,female,Gen,1777,31,4,3,3,2,1974,2Chair,object,3.2496874278053
11,31,female,Gen,5522,31,4,3,5,1,2458,2Grass,object,3.74209640230324
11,31,female,Gen,3025,31,2,2,3,2,3208,2Insect,object,3.48072537898849
11,31,female,Gen,2836,31,2,3,2,2,3951,2Potato,object,3.45270622651103
11,31,female,Gen,2030,16,2,4,4,3,6177,2River,object,3.30749603791321
12,19,male,Direct,1363,19,3,4,5,3,1794,1Eager,emo,3.13449585583467
12,19,male,Direct,2378,16,4,2,4,2,3143,1Enjoying,emo,3.37621185028267
12,19,male,Direct,2421,17,5,5,5,1,2645,1Excited,emo,3.38399478944173
12,19,male,Direct,11089,90,3,3,4,3,6150,1Proud,emo,4.04489238347436
12,19,male,Gen,7704,19,4,2,4,2,2598,1Amazed,emo,3.88671627411648
12,19,male,Gen,3279,17,5,5,1,3,3776,1Devoted,emo,3.51574141666936
12,19,male,Gen,13623,19,5,4,5,3,9617,1Happy,emo,4.13427275662063
12,19,male,Gen,3368,16,4,4,2,3,4097,1Relieved,emo,3.52737208282761
12,19,male,DK,2920,19,3,3,4,2,5266,1Hopeful ,emo,3.46538285144842
12,19,male,DK,14180,18,4,3,4,2,4775,1Humorous,emo,4.15167623084705
12,19,male,Direct,2997,11,2,1,3,3,6932,2Apple,object,3.47668674294564
12,19,male,Direct,6928,16,3,3,5,1,3435,2Book,object,3.84060787900929
12,19,male,Direct,2405,16,4,3,5,3,2473,2River,object,3.38111508070985
12,19,male,Gen,1480,18,4,3,5,1,2448,2Car,object,3.17026171539496
12,19,male,Gen,1907,13,3,2,4,1,2179,2Chair,object,3.28035069304601
12,19,male,Gen,3969,12,2,2,3,1,2345,2Grass,object,3.59868109890716
12,19,male,Gen,2250,15,1,2,3,2,1867,2Potato,object,3.35218251811136
12,19,male,Gen,1843,7,2,2,3,1,4410,2Salad,object,3.26552533521907
12,19,male,DK,5536,17,4,2,3,2,2878,2Arm,object,3.7431960814487
12,19,male,DK,3703,16,4,2,3,1,2018,2Insect,object,3.56855371204944
13,18,female,Direct,7256,18,3,4,5,1,7442,1Excited,emo,3.86069727405204
13,18,female,Direct,2480,18,2,2,4,1,2924,1Hopeful ,emo,3.39445168082622
13,18,female,Direct,2877,18,4,3,5,2,4145,1Humorous,emo,3.45893986189033
13,18,female,Direct,2724,17,4,1,4,2,1323,1Proud,emo,3.43520710324075
13,18,female,Direct,1769,18,4,4,3,2,2278,1Relieved,emo,3.24772783290972
13,18,female,Gen,1192,18,5,4,5,2,1186,1Amazed,emo,3.07627625540422
13,18,female,Gen,2882,18,5,5,5,2,4551,1Devoted,emo,3.45969397647797
13,18,female,Gen,1384,18,4,4,3,2,1329,1Eager,emo,3.14113609012074
13,18,female,Gen,2787,18,4,3,5,2,1584,1Enjoying,emo,3.4451369687133
13,18,female,Gen,2134,18,5,5,5,2,2368,1Happy,emo,3.32919441508845
13,18,female,Direct,6387,17,3,3,3,2,2953,2Apple,object,3.80529691615798
13,18,female,Direct,2078,12,2,2,4,1,3060,2Chair,object,3.31764554322116
13,18,female,Direct,22632,11,3,2,4,2,7235,2Insect,object,4.35472293444893
13,18,female,Gen,1459,17,2,4,1,2,2978,2Arm,object,3.16405529189345
13,18,female,Gen,1650,16,2,3,4,2,1624,2Book,object,3.21748394421391
13,18,female,Gen,1857,70,3,3,2,2,1630,2Car,object,3.26881190373978
13,18,female,Gen,4474,18,4,3,5,2,4186,2Potato,object,3.65069597976061
13,18,female,Gen,1294,13,3,1,4,2,1204,2River,object,3.11193427633268
13,18,female,Gen,2191,80,2,3,2,2,1873,2Salad,object,3.34064237756071
13,18,female,DK,1848,18,4,1,5,3,1100,2Grass,object,3.26670196688409
14,20,female,Direct,5812,18,2,1,3,1,14564,1Amazed,emo,3.76432560562598
14,20,female,Direct,2632,20,1,1,3,2,3877,1Devoted,emo,3.42028588494192
14,20,female,Direct,7086,20,2,3,5,2,13143,1Eager,emo,3.85040114799716
14,20,female,Direct,2933,20,1,1,3,2,1737,1Enjoying,emo,3.46731206298055
14,20,female,Direct,2616,19,2,2,5,3,22126,1Excited,emo,3.41763773965223
14,20,female,Direct,10602,19,4,4,5,3,5685,1Happy,emo,4.02538779989041
14,20,female,Direct,2554,20,2,2,4,2,2591,1Hopeful ,emo,3.4072208929274
14,20,female,Direct,2260,20,2,1,3,2,2598,1Humorous,emo,3.3541084391474
14,20,female,Direct,2557,20,2,1,4,3,3480,1Proud,emo,3.40773072802634
14,20,female,Gen,8832,20,4,4,5,3,2954,1Relieved,emo,3.94605906038512
14,20,female,Direct,4321,19,2,2,4,2,3213,2Book,object,3.63558426631123
14,20,female,Direct,8267,19,4,5,5,3,3698,2Car,object,3.91734793762777
14,20,female,Direct,6353,20,1,1,3,2,3138,2Chair,object,3.80297885533526
14,20,female,Direct,26089,11,5,4,1,1,12143,2Insect,object,4.4164574327681
14,20,female,Direct,5509,20,2,1,3,3,5728,2Potato,object,3.74107277237332
14,20,female,Direct,11444,15,2,1,4,1,7398,2River,object,4.05857784913323
14,20,female,Gen,3279,20,2,1,3,3,2301,2Apple,object,3.51574141666936
14,20,female,Gen,3268,16,2,2,4,3,2041,2Grass,object,3.51428204786038
14,20,female,Gen,4655,20,1,1,3,2,2935,2Salad,object,3.66791968531736
14,20,female,DK,6291,20,2,1,2,2,2807,2Arm,object,3.79871968518501
15,18,male,Direct,3416,16,3,2,2,3,4628,1Eager,emo,3.53351786201697
15,18,male,Direct,17221,11,3,3,4,2,6212,1Excited,emo,4.23605836673855
15,18,male,Direct,7489,18,3,3,4,1,4879,1Happy,emo,3.8744238305865
15,18,male,Direct,3691,18,3,4,4,2,4052,1Relieved,emo,3.56714404519566
15,18,male,Gen,4452,18,4,2,4,3,10612,1Amazed,emo,3.64855515566267
15,18,male,Gen,2785,17,3,1,3,2,3600,1Devoted,emo,3.44482519950975
15,18,male,Gen,7809,16,4,4,2,1,4172,1Enjoying,emo,3.8925954228289
15,18,male,Gen,7535,18,4,1,2,3,4739,1Hopeful ,emo,3.87708325665065
15,18,male,Gen,6471,18,4,3,4,3,5619,1Humorous,emo,3.81097139982221
15,18,male,DK,7810,17,3,2,4,3,2474,1Proud,emo,3.8926510338773
15,18,male,Direct,6444,11,3,4,1,3,9348,2Arm,object,3.80915553174718
15,18,male,Direct,2457,18,3,1,2,2,3257,2Insect,object,3.39040515648008
15,18,male,Direct,4322,10,3,1,4,3,2448,2River,object,3.63568476254722
15,18,male,Gen,7051,18,3,2,4,2,2872,2Apple,object,3.84825071467704
15,18,male,Gen,5945,17,3,1,3,3,4161,2Book,object,3.77415185895471
15,18,male,Gen,3308,11,5,4,1,2,3081,2Car,object,3.51956550088051
15,18,male,Gen,7974,18,2,1,4,2,6711,2Chair,object,3.90167623132638
15,18,male,Gen,14161,70,4,1,3,1,4346,2Grass,object,4.15109392278506
15,18,male,Gen,2718,18,4,1,3,2,2885,2Potato,object,3.43424945239648
15,18,male,Gen,3073,18,4,1,3,2,4030,2Salad,object,3.48756256025638
16,18,female,Direct,4192,12,4,3,4,1,1995,1Devoted,emo,3.62242127397567
16,18,female,Direct,3735,18,4,1,3,2,4229,1Eager,emo,3.57229060615142
16,18,female,Direct,2556,18,4,3,5,1,2027,1Enjoying,emo,3.40756084948636
16,18,female,Direct,7220,18,5,4,5,1,9908,1Happy,emo,3.85853719756964
16,18,female,Direct,2348,18,4,4,4,2,1940,1Hopeful ,emo,3.37069809257558
16,18,female,Direct,15126,16,3,2,5,2,9267,1Proud,emo,4.17972409606009
16,18,female,Gen,5190,16,3,3,5,2,2701,1Amazed,emo,3.71516735784846
16,18,female,Gen,2355,9,4,2,5,1,2545,1Excited,emo,3.37199091146491
16,18,female,Gen,2971,18,3,3,4,2,5024,1Humorous,emo,3.47290265180366
16,18,female,Gen,3778,18,5,5,4,2,2080,1Relieved,emo,3.57726195358581
16,18,female,Direct,2545,12,4,4,1,1,1762,2Arm,object,3.40568778667278
16,18,female,Direct,2565,18,4,4,1,1,1839,2Car,object,3.40908736944783
16,18,female,Gen,2358,8,4,3,3,1,1424,2Book,object,3.37254380075907
16,18,female,Gen,2601,7,3,2,2,2,4057,2Chair,object,3.41514035219587
16,18,female,Gen,1716,13,4,3,4,1,1765,2Grass,object,3.23451728351269
16,18,female,Gen,3921,10,5,5,1,2,2152,2Insect,object,3.59339684230021
16,18,female,Gen,1904,16,4,3,4,2,4164,2Potato,object,3.27966694404846
16,18,female,Gen,3427,17,4,4,5,1,1907,2River,object,3.53491410442987
16,18,female,Gen,3855,18,4,3,3,1,1738,2Salad,object,3.58602438238698
16,18,female,DK,3327,8,3,3,4,3,4602,2Apple,object,3.52205280086882
17,42,male,Direct,7472,11,2,1,5,1,2034,1Excited,emo,3.87343686322204
17,42,male,Direct,16546,23,3,2,4,1,11802,1Hopeful ,emo,4.21869301999136
17,42,male,Direct,3119,35,4,4,5,1,1562,1Relieved,emo,3.49401537475714
17,42,male,Gen,6559,30,4,4,5,2,20252,1Amazed,emo,3.81683763090203
17,42,male,Gen,5009,28,3,3,3,1,2519,1Eager,emo,3.69975103168951
17,42,male,Gen,7089,31,3,3,5,2,3313,1Enjoying,emo,3.85058497635203
17,42,male,Gen,21841,33,4,3,5,3,5111,1Happy,emo,4.33927251885594
17,42,male,Gen,6567,13,2,1,4,2,2802,1Humorous,emo,3.81736701628759
17,42,male,Gen,2989,28,3,2,4,1,3552,1Proud,emo,3.47552591503928
17,42,male,DK,9685,38,4,3,2,2,9816,1Devoted,emo,3.98609962505513
17,42,male,Direct,11129,12,2,1,3,1,1943,2Apple,object,4.04645614241259
17,42,male,Direct,4675,10,2,1,3,2,9944,2Salad,object,3.66978161520854
17,42,male,Gen,21313,41,2,2,4,2,17196,2Book,object,4.32864458494391
17,42,male,Gen,20254,22,4,3,1,2,5579,2Car,object,4.30651080564338
17,42,male,Gen,11153,25,3,3,4,1,16818,2Grass,object,4.04739170220044
17,42,male,Gen,28797,39,3,2,2,1,5246,2Insect,object,4.45934724639434
17,42,male,Gen,3219,16,5,4,5,1,2586,2River,object,3.50772097668561
17,42,male,DK,5960,13,1,1,3,2,3377,2Arm,object,3.77524625974024
17,42,male,DK,3741,9,3,2,2,2,10428,2Chair,object,3.5729877081982
17,42,male,DK,12523,10,2,2,3,2,8713,2Potato,object,4.09770838058163
18,18,female,Direct,2830,16,5,2,5,2,1900,1Eager,emo,3.45178643552429
18,18,female,Direct,3636,14,4,3,3,1,2974,1Enjoying,emo,3.56062387454993
18,18,female,Direct,2801,17,5,4,5,1,4448,1Excited,emo,3.44731310882357
18,18,female,Direct,8232,18,5,5,5,2,2193,1Happy,emo,3.91550536175438
18,18,female,Direct,2300,16,5,5,5,1,1387,1Hopeful ,emo,3.36172783601759
18,18,female,Direct,2845,11,5,1,5,1,1955,1Humorous,emo,3.45408227073109
18,18,female,Direct,2634,18,5,4,5,2,1486,1Relieved,emo,3.42061577062577
18,18,female,Gen,1825,17,4,1,4,2,1406,1Amazed,emo,3.26126286879249
18,18,female,Gen,2383,18,4,3,3,2,1427,1Devoted,emo,3.37712404234646
18,18,female,Gen,1985,15,5,1,5,2,3922,1Proud,emo,3.29776051109913
18,18,female,Direct,2310,11,4,4,5,2,2017,2Book,object,3.36361197989214
18,18,female,Direct,2767,40,4,5,2,2,2092,2Chair,object,3.44200915914095
18,18,female,Direct,4343,15,4,1,4,2,3265,2River,object,3.63778982936223
18,18,female,Gen,1886,12,3,3,3,2,1427,2Apple,object,3.27554168840131
18,18,female,Gen,3559,18,5,1,3,3,5359,2Car,object,3.55132798800385
18,18,female,Gen,2834,9,4,2,2,2,2140,2Insect,object,3.45239984591144
18,18,female,Gen,16626,10,5,1,3,2,5758,2Potato,object,4.22078777616588
18,18,female,DK,4322,11,4,5,1,1,5043,2Arm,object,3.63568476254722
18,18,female,DK,5733,15,3,2,5,2,2950,2Grass,object,3.75838194177467
18,18,female,DK,2416,17,3,2,3,3,2707,2Salad,object,3.38309692994909
19,37,male,Direct,4742,27,3,5,3,3,1956,1Devoted,emo,3.67596154964217
19,37,male,Direct,1601,16,2,3,4,2,1911,1Eager,emo,3.2043913319193
19,37,male,Direct,5604,22,2,3,5,1,2553,1Enjoying,emo,3.74849812661374
19,37,male,Direct,2210,19,4,4,4,3,1773,1Excited,emo,3.34439227368511
19,37,male,Direct,3104,37,5,3,2,3,1228,1Happy,emo,3.49192171258615
19,37,male,Direct,16289,19,1,4,1,3,11052,1Hopeful ,emo,4.21189442330099
19,37,male,Direct,1940,18,4,5,2,2,2171,1Humorous,emo,3.28780172993023
19,37,male,Direct,4282,29,5,4,4,1,2327,1Proud,emo,3.63164666295842
19,37,male,Direct,2873,32,5,5,5,2,3071,1Relieved,emo,3.45833562599195
19,37,male,Gen,7854,25,4,4,2,2,5324,1Amazed,emo,3.8950908969344
19,37,male,Gen,2618,20,5,3,4,2,6012,2Apple,object,3.41796964221474
19,37,male,Gen,2718,18,3,5,1,1,4612,2Arm,object,3.43424945239648
19,37,male,Gen,17610,30,4,4,1,2,11175,2Book,object,4.24575935596728
19,37,male,Gen,5522,20,5,5,5,3,4038,2Car,object,3.74209640230324
19,37,male,Gen,3232,37,5,5,5,2,3638,2Chair,object,3.50947135210255
19,37,male,Gen,3971,37,3,2,3,2,4816,2Grass,object,3.59889988706388
19,37,male,Gen,2590,37,5,4,1,3,4173,2Insect,object,3.41329976408125
19,37,male,Gen,4382,35,2,5,5,2,3566,2Potato,object,3.64167237322469
19,37,male,Gen,4652,15,3,2,4,1,2168,2River,object,3.66763970605641
19,37,male,Gen,1827,37,5,5,3,3,2388,2Salad,object,3.26173854735254
20,20,female,Direct,8275,20,3,4,5,2,4425,1Excited,emo,3.91776800244776
20,20,female,Direct,2448,18,5,5,5,1,2075,1Happy,emo,3.38881141347352
20,20,female,Direct,3174,20,3,3,3,1,1577,1Hopeful ,emo,3.50160692241883
20,20,female,Direct,8494,20,3,4,4,1,1981,1Proud,emo,3.92911225665466
20,20,female,Gen,3083,20,3,3,3,1,2120,1Amazed,emo,3.48897352472651
20,20,female,Gen,2417,20,2,2,3,2,3685,1Devoted,emo,3.38327665040765
20,20,female,Gen,2922,20,4,4,4,2,1674,1Eager,emo,3.46568021159828
20,20,female,Gen,4465,20,4,4,4,1,3507,1Enjoying,emo,3.64982146322457
20,20,female,DK,3634,20,1,1,3,3,7771,1Humorous,emo,3.56038492297202
20,20,female,DK,22904,22,2,2,2,3,9563,1Relieved,emo,4.35991133501354
20,20,female,Direct,2675,19,3,3,3,2,2460,2Chair,object,3.42732378635725
20,20,female,Direct,2444,17,3,3,3,1,4303,2Grass,object,3.38810120157052
20,20,female,Direct,1777,5,3,3,3,1,2473,2Potato,object,3.2496874278053
20,20,female,Direct,1921,20,3,3,3,2,4072,2River,object,3.28352736486169
20,20,female,Gen,5091,17,4,3,3,1,1351,2Apple,object,3.70680309703734
20,20,female,Gen,6217,20,3,3,2,1,2330,2Book,object,3.79358086736816
20,20,female,Gen,3846,20,4,3,3,1,2865,2Car,object,3.58500927990246
20,20,female,Gen,2964,20,4,4,4,2,1906,2Insect,object,3.47187819930729
20,20,female,Gen,3065,20,3,3,3,2,1983,2Salad,object,3.48643047885443
20,20,female,DK,5874,20,1,1,2,3,8335,2Arm,object,3.76893394218678
21,24,female,Direct,3933,24,5,4,5,3,2188,1Amazed,emo,3.59472394640975
21,24,female,Direct,6623,10,5,5,5,3,6073,1Devoted,emo,3.82105475504689
21,24,female,Direct,6143,24,5,4,5,3,2335,1Eager,emo,3.78838051531956
21,24,female,Direct,2316,24,4,4,5,3,1628,1Enjoying,emo,3.3647385550554
21,24,female,Direct,7120,23,3,3,4,3,2824,1Excited,emo,3.85247999363686
21,24,female,Direct,2194,24,5,4,2,3,1940,1Hopeful ,emo,3.34123662323869
21,24,female,Direct,5571,24,4,4,5,2,2494,1Humorous,emo,3.74593315845944
21,24,female,Direct,4078,23,4,4,5,3,3209,1Proud,emo,3.61044722144212
21,24,female,Direct,10306,24,5,4,2,3,3459,1Relieved,emo,4.01309013812506
21,24,female,Gen,3058,23,2,1,4,1,3767,1Happy,emo,3.4854374810763
21,24,female,Direct,2034,24,4,4,2,2,5453,2Arm,object,3.30835094858673
21,24,female,Direct,2545,24,4,4,2,3,4072,2Car,object,3.40568778667278
21,24,female,Direct,3450,7,4,4,4,3,3998,2Insect,object,3.53781909507327
21,24,female,Gen,19897,24,3,2,3,1,5934,2Apple,object,4.29878759994424
21,24,female,Gen,20000,24,4,2,4,3,16744,2Book,object,4.30102999566398
21,24,female,Gen,5136,24,5,4,1,2,3788,2Grass,object,3.7106250150608
21,24,female,Gen,5359,23,3,3,4,1,6059,2Potato,object,3.72908375704361
21,24,female,Gen,13201,23,2,1,3,1,5450,2Salad,object,4.12060683105677
21,24,female,DK,1812,24,5,4,1,3,11579,2Chair,object,3.25815819334079
21,24,female,DK,3377,8,2,3,4,1,5004,2River,object,3.52853106063541
22,18,female,Direct,3277,18,5,5,5,3,2222,1Amazed,emo,3.51547644138238
22,18,female,Direct,6651,18,5,5,5,3,5626,1Proud,emo,3.82288694783415
22,18,female,Gen,2314,18,5,5,5,3,4533,1Excited,emo,3.36436335461573
22,18,female,Gen,6217,18,5,5,5,1,5014,1Happy,emo,3.79358086736816
22,18,female,Gen,5010,15,2,2,4,3,2889,1Hopeful ,emo,3.69983772586725
22,18,female,Gen,4100,12,3,4,5,1,2401,1Humorous,emo,3.61278385671974
22,18,female,Gen,2126,18,4,5,5,3,3643,1Relieved,emo,3.32756326018728
22,18,female,DK,3153,17,5,5,3,3,3594,1Devoted,emo,3.4987239707479
22,18,female,DK,2487,17,3,3,4,1,2370,1Eager,emo,3.39567578526994
22,18,female,DK,3651,18,4,4,4,1,4184,1Enjoying,emo,3.56241183294973
22,18,female,Direct,5672,18,4,3,3,1,1661,2Arm,object,3.75373622217501
22,18,female,Direct,8560,18,5,3,3,1,2458,2Insect,object,3.93247376467715
22,18,female,Direct,2164,18,3,3,3,1,2671,2Potato,object,3.33525725643453
22,18,female,Gen,3230,10,2,2,3,1,4714,2Book,object,3.5092025223311
22,18,female,Gen,2582,18,4,3,3,2,5172,2Chair,object,3.4119562379304
22,18,female,Gen,3750,17,4,5,5,2,3947,2Grass,object,3.57403126772772
22,18,female,Gen,4700,11,2,3,4,3,4151,2River,object,3.67209785793572
22,18,female,DK,2238,17,3,3,3,1,2106,2Apple,object,3.34986008219233
22,18,female,DK,11584,10,3,2,3,3,15463,2Car,object,4.06385854885307
22,18,female,DK,5587,18,4,3,3,3,4822,2Salad,object,3.74717867136016
23,21,male,Direct,16976,19,2,2,4,1,10855,1Enjoying,emo,4.22983536655727
23,21,male,Gen,2372,21,5,4,5,2,6393,1Amazed,emo,3.37511468469222
23,21,male,Gen,15720,10,3,4,5,2,14667,1Eager,emo,4.19645254170339
23,21,male,Gen,10209,19,3,3,4,1,3195,1Excited,emo,4.00898320381547
23,21,male,Gen,18582,20,2,1,4,1,6166,1Happy,emo,4.26909245574043
23,21,male,Gen,5978,20,5,4,5,3,3607,1Relieved,emo,3.77655591070326
23,21,male,DK,9919,16,4,4,2,2,15054,1Devoted,emo,3.99646789026172
23,21,male,DK,4989,18,4,4,5,2,7513,1Hopeful ,emo,3.69801350393918
23,21,male,DK,5651,17,1,1,3,2,40272,1Humorous,emo,3.7521253072979
23,21,male,DK,3821,19,4,3,2,1,16225,1Proud,emo,3.58217703768841
23,21,male,Direct,4914,19,5,4,5,1,2239,2Arm,object,3.69143515214406
23,21,male,Direct,15616,21,5,3,4,2,8465,2Book,object,4.19356980032262
23,21,male,Direct,8140,19,5,4,4,1,2156,2Car,object,3.9106244048892
23,21,male,Direct,4633,20,4,2,4,1,3972,2Grass,object,3.66586230020316
23,21,male,Direct,3824,20,2,2,3,2,2615,2Potato,object,3.58251788360406
23,21,male,Gen,8440,13,2,1,3,3,2924,2Apple,object,3.92634244662566
23,21,male,Gen,6514,7,4,4,4,2,7155,2Chair,object,3.81384775422885
23,21,male,Gen,9017,9,5,5,5,3,3571,2Insect,object,3.95506206967503
23,21,male,Gen,4843,6,2,2,4,1,1999,2River,object,3.68511446904654
23,21,male,DK,27466,21,2,1,3,1,4704,2Salad,object,4.43879541572132
24,29,female,Direct,8631,29,4,3,5,2,1659,1Enjoying,emo,3.93606111660999
24,29,female,Direct,4157,25,4,4,5,3,4925,1Happy,emo,3.61878002450621
24,29,female,Direct,7089,25,3,3,4,2,4345,1Hopeful ,emo,3.85058497635203
24,29,female,Direct,3044,28,3,4,5,2,7002,1Proud,emo,3.48344464809854
24,29,female,Gen,5571,25,3,2,5,2,2213,1Amazed,emo,3.74593315845944
24,29,female,Gen,4598,28,3,3,5,2,3354,1Eager,emo,3.66256896693326
24,29,female,Gen,2736,24,5,4,5,3,3490,1Excited,emo,3.43711609304808
24,29,female,Gen,3144,29,5,4,5,2,3165,1Humorous,emo,3.49748253736737
24,29,female,Gen,4650,28,3,2,3,2,5911,1Relieved,emo,3.66745295288995
24,29,female,DK,24478,24,4,4,5,1,11878,1Devoted,emo,4.38877593044872
24,29,female,Direct,4580,29,2,1,4,2,2922,2Apple,object,3.66086547800387
24,29,female,Direct,2307,99,2,2,4,2,1964,2Book,object,3.36304759452109
24,29,female,Direct,2531,28,4,3,5,2,1093,2Grass,object,3.40329214515825
24,29,female,Gen,2693,27,2,3,2,2,2701,2Arm,object,3.43023635341151
24,29,female,Gen,4690,29,3,2,5,2,3904,2Car,object,3.67117284271508
24,29,female,Gen,24204,11,4,4,4,2,14419,2Chair,object,4.38388714426039
24,29,female,Gen,2002,27,4,4,2,2,5874,2Insect,object,3.3014640731433
24,29,female,Gen,2460,29,3,3,3,2,3211,2Potato,object,3.39093510710338
24,29,female,Gen,1987,12,4,3,4,3,3249,2River,object,3.29819786710981
24,29,female,Gen,12570,25,3,3,3,3,4149,2Salad,object,4.09933527768596
25,18,female,Direct,3402,12,3,4,3,1,4089,1Devoted,emo,3.53173430927655
25,18,female,Direct,2857,90,2,2,3,1,1729,1Eager,emo,3.45591024038274
25,18,female,Direct,2344,16,4,3,3,3,2212,1Happy,emo,3.36995760734605
25,18,female,Direct,2851,8,2,2,3,1,1976,1Proud,emo,3.45499721730946
25,18,female,Gen,4124,18,5,5,5,2,2647,1Amazed,emo,3.61531865661148
25,18,female,Gen,7772,17,3,3,4,3,2881,1Hopeful ,emo,3.89053279192775
25,18,female,Gen,6907,16,3,2,4,3,4969,1Humorous,emo,3.83928945600615
25,18,female,Gen,1548,14,3,3,4,1,2871,1Relieved,emo,3.18977095634687
25,18,female,DK,3305,18,4,4,5,2,2585,1Enjoying,emo,3.51917146382166
25,18,female,DK,3138,8,2,2,3,1,4906,1Excited,emo,3.49665293925092
25,18,female,Direct,2712,16,2,2,3,1,1156,2Arm,object,3.43328968519503
25,18,female,Direct,2606,18,3,3,3,1,2060,2Chair,object,3.41597441137657
25,18,female,Direct,1664,15,3,3,3,3,7478,2Potato,object,3.22115332195471
25,18,female,Gen,3887,12,2,3,4,2,2296,2Apple,object,3.58961454063127
25,18,female,Gen,2736,16,3,3,3,1,2624,2Book,object,3.43711609304808
25,18,female,Gen,3922,13,2,2,3,2,2865,2Car,object,3.59350758933177
25,18,female,Gen,1283,17,4,3,4,1,5884,2Grass,object,3.10822665637493
25,18,female,Gen,6648,14,4,3,3,2,1872,2Insect,object,3.82269101077605
25,18,female,Gen,1538,17,5,5,5,3,2716,2River,object,3.18695633546541
25,18,female,Gen,3439,17,3,3,3,3,3905,2Salad,object,3.53643217582201
26,40,male,Direct,1244,35,4,4,5,2,2990,1Eager,emo,3.0948203803548
26,40,male,Direct,7330,40,3,3,5,3,3652,1Enjoying,emo,3.86510397464113
26,40,male,Direct,5869,40,3,4,3,2,2782,1Hopeful ,emo,3.76856410951357
26,40,male,Direct,2602,35,4,4,5,2,2882,1Proud,emo,3.41530729222557
26,40,male,Direct,3203,38,3,3,4,3,6677,1Relieved,emo,3.50555693866382
26,40,male,Gen,6788,24,3,3,5,2,1869,1Amazed,emo,3.83174183364564
26,40,male,Gen,2495,26,4,4,5,2,2710,1Devoted,emo,3.39707054995941
26,40,male,Gen,1858,35,4,5,5,2,9742,1Excited,emo,3.26904570965762
26,40,male,Gen,51807,40,4,4,5,3,14060,1Happy,emo,4.71438844422366
26,40,male,Gen,2813,40,4,4,5,2,1179,1Humorous,emo,3.4491697321652
26,40,male,Direct,10377,24,3,4,2,2,2443,2Apple,object,4.01607181673402
26,40,male,Direct,5189,40,4,4,1,2,2064,2Arm,object,3.71508367069493
26,40,male,Direct,3932,23,2,3,2,2,3648,2Car,object,3.5946135091601
26,40,male,Direct,5270,24,2,2,4,2,2793,2Chair,object,3.72181061521255
26,40,male,Direct,4898,24,4,5,5,2,2840,2Grass,object,3.6900187807887
26,40,male,Direct,2102,15,2,2,2,3,4577,2Insect,object,3.32263271169222
26,40,male,Direct,1416,26,2,3,4,3,2836,2Salad,object,3.15106325335375
26,40,male,Gen,4136,35,3,3,5,2,3807,2Book,object,3.61658053008589
26,40,male,Gen,2761,33,2,2,4,2,1766,2Potato,object,3.44106640663926
26,40,male,Gen,7980,31,2,3,2,2,4886,2River,object,3.90200289135073
27,18,female,Direct,5457,71,2,3,3,1,3816,1Enjoying,emo,3.73695395378315
27,18,female,Direct,2134,17,4,4,5,1,3177,1Happy,emo,3.32919441508845
27,18,female,Direct,5820,16,4,4,4,1,3020,1Relieved,emo,3.76492298464989
27,18,female,Gen,7794,18,2,2,3,2,2748,1Amazed,emo,3.89176040145667
27,18,female,Gen,4428,17,4,4,4,1,3058,1Excited,emo,3.64620761220669
27,18,female,Gen,6582,71,4,3,3,2,2157,1Hopeful ,emo,3.81835787795835
27,18,female,Gen,2629,18,4,3,5,1,2983,1Humorous,emo,3.41979058610636
27,18,female,Gen,2670,61,5,5,5,2,1692,1Proud,emo,3.42651126136458
27,18,female,DK,9610,16,4,4,4,2,1960,1Devoted,emo,3.98272338766855
27,18,female,DK,5830,17,2,3,3,2,3079,1Eager,emo,3.76566855475901
27,18,female,Direct,6421,16,2,3,3,2,2325,2Apple,object,3.80760266991649
27,18,female,Direct,15105,11,4,1,3,2,14356,2Potato,object,4.1791207296093
27,18,female,Gen,3035,18,3,3,3,2,2053,2Book,object,3.48215869541128
27,18,female,Gen,3513,17,5,3,3,2,1983,2Car,object,3.54567814979203
27,18,female,Gen,3147,51,4,3,3,2,1976,2Grass,object,3.49789674291322
27,18,female,Gen,3101,11,1,3,2,2,2310,2Insect,object,3.49150176623733
27,18,female,Gen,5270,16,3,2,3,2,2653,2River,object,3.72181061521255
27,18,female,DK,4039,18,4,2,3,2,2355,2Arm,object,3.60627385316999
27,18,female,DK,9661,81,3,3,3,2,4186,2Chair,object,3.98502208210953
27,18,female,DK,5713,18,3,2,3,2,1965,2Salad,object,3.75686422406055
28,18,male,Direct,1609,18,3,5,5,3,4349,1Devoted,emo,3.20655604409903
28,18,male,Direct,2140,16,1,1,3,2,175,1Eager,emo,3.33041377334919
28,18,male,Direct,20828,11,3,4,4,3,10619,1Proud,emo,4.31864756900365
28,18,male,Gen,6602,18,4,4,4,3,10529,1Amazed,emo,3.81967551999429
28,18,male,Gen,2327,17,1,3,4,2,711,1Happy,emo,3.36679638328673
28,18,male,Gen,2665,15,1,3,5,2,3315,1Hopeful ,emo,3.42569721336259
28,18,male,Gen,5219,15,3,3,4,1,1207,1Humorous,emo,3.71758729685546
28,18,male,Gen,9840,16,4,4,4,3,4709,1Relieved,emo,3.99299509843134
28,18,male,DK,6580,17,3,4,4,2,3333,1Enjoying,emo,3.81822589361396
28,18,male,DK,2568,17,4,3,4,3,3905,1Excited,emo,3.40959501939682
28,18,male,Direct,2535,15,4,3,5,3,1603,2Arm,object,3.40397796366935
28,18,male,Direct,8786,14,3,2,3,1,6337,2Book,object,3.9437911989293
28,18,male,Direct,2284,13,3,3,3,1,2679,2Salad,object,3.35869609957381
28,18,male,Gen,8633,16,3,5,5,2,4665,2Car,object,3.93616174091116
28,18,male,Gen,2548,9,4,4,4,2,1968,2Grass,object,3.40619942366331
28,18,male,Gen,2148,8,3,3,5,3,1984,2Insect,object,3.33203427702752
28,18,male,Gen,3604,9,3,2,3,3,2605,2Potato,object,3.55678478230703
28,18,male,Gen,9428,17,3,3,4,1,10365,2River,object,3.97441957385229
28,18,male,DK,4706,12,4,4,4,1,5277,2Apple,object,3.67265192284
28,18,male,DK,1570,13,1,1,5,3,938,2Chair,object,3.19589965240923
29,19,female,Direct,1854,18,4,4,3,2,1973,1Eager,emo,3.26810972980848
29,19,female,Gen,5183,18,1,2,3,3,379,1Devoted,emo,3.71458120883953
29,19,female,Gen,1973,10,2,3,4,3,772,1Enjoying,emo,3.29512708525219
29,19,female,Gen,3203,10,4,3,5,2,3028,1Excited,emo,3.50555693866382
29,19,female,Gen,2036,18,3,3,5,2,2714,1Humorous,emo,3.30877777366472
29,19,female,DK,1935,17,4,3,5,2,4219,1Amazed,emo,3.28668096935493
29,19,female,DK,8974,19,4,4,5,3,6249,1Happy,emo,3.95298606519706
29,19,female,DK,5318,16,4,4,2,2,3760,1Hopeful ,emo,3.72574833299555
29,19,female,DK,2888,19,3,3,5,2,2644,1Proud,emo,3.4605971888976
29,19,female,DK,4572,19,3,4,5,1,5990,1Relieved,emo,3.66010622172324
29,19,female,Direct,2765,19,2,3,4,2,3698,2Apple,object,3.44169513564072
29,19,female,Direct,3770,19,4,2,4,2,2542,2Grass,object,3.57634135020579
29,19,female,Gen,6607,16,4,2,4,2,2992,2Car,object,3.82000430680832
29,19,female,Gen,2138,15,2,2,5,2,2051,2Chair,object,3.33000770087276
29,19,female,Gen,5066,10,4,4,1,2,2293,2Insect,object,3.70466518545453
29,19,female,Gen,13470,16,3,2,4,2,6454,2Potato,object,4.12936759572299
29,19,female,Gen,8524,7,4,4,4,3,3397,2River,object,3.93064344104216
29,19,female,Gen,3719,16,4,5,4,3,5150,2Salad,object,3.57042617835897
29,19,female,DK,2101,9,4,2,1,3,2110,2Arm,object,3.32242605240595
29,19,female,DK,1958,17,4,4,2,2,1586,2Book,object,3.29181268746712
30,19,male,Direct,2186,19,2,2,4,1,1951,1Devoted,emo,3.33965015761368
30,19,male,Direct,5253,18,3,3,4,2,2039,1Eager,emo,3.72040740080311
30,19,male,Direct,3699,19,3,3,4,2,4502,1Happy,emo,3.56808433131539
30,19,male,Direct,2478,19,3,2,3,1,3172,1Hopeful ,emo,3.39410130204004
30,19,male,Direct,15947,18,4,3,5,3,6277,1Humorous,emo,4.20267899422773
30,19,male,Direct,13421,19,3,2,4,2,3707,1Relieved,emo,4.12778487636217
30,19,male,Gen,19501,18,4,4,3,3,2988,1Amazed,emo,4.29005688230337
30,19,male,Gen,2203,8,4,3,4,1,3472,1Enjoying,emo,3.34301449715077
30,19,male,Gen,3037,19,3,3,4,1,2862,1Excited,emo,3.48244479191827
30,19,male,Gen,3635,18,3,3,4,2,8212,1Proud,emo,3.56050441519506
30,19,male,Direct,1458,19,3,3,2,2,7747,2Arm,object,3.16375752398196
30,19,male,Direct,2046,19,3,3,4,2,1140,2Book,object,3.31090562937614
30,19,male,Direct,1427,18,3,3,3,2,3523,2Chair,object,3.15442397311465
30,19,male,Direct,1784,18,3,3,4,2,1418,2Grass,object,3.2513948500401
30,19,male,Direct,2653,19,3,3,4,2,6952,2Potato,object,3.42373724998233
30,19,male,Gen,48936,19,3,1,4,2,7710,2Apple,object,4.68962846748975
30,19,male,Gen,2537,19,4,4,4,2,1914,2Car,object,3.40432046722173
30,19,male,Gen,7270,18,3,3,3,2,1776,2Insect,object,3.86153441085904
30,19,male,Gen,1919,90,4,4,5,1,3171,2River,object,3.28307497473547
30,19,male,Gen,1248,19,3,3,4,2,1599,2Salad,object,3.09621458534641
31,18,female,Direct,2663,18,4,3,3,2,2025,1Eager,emo,3.42537116643894
31,18,female,Direct,7939,17,4,2,5,2,5023,1Enjoying,emo,3.89976580194439
31,18,female,Direct,2796,18,4,4,5,2,4600,1Excited,emo,3.44653716707364
31,18,female,Direct,1658,17,5,5,5,3,5888,1Happy,emo,3.21958452621425
31,18,female,Direct,4971,17,4,2,5,3,3426,1Humorous,emo,3.696443763139
31,18,female,Direct,3720,18,5,4,5,3,2797,1Proud,emo,3.5705429398819
31,18,female,Direct,4373,18,4,4,5,2,5550,1Relieved,emo,3.64077947734486
31,18,female,Gen,13144,10,3,1,5,1,9846,1Devoted,emo,4.11872755042701
31,18,female,DK,5557,18,4,5,5,1,3926,1Amazed,emo,3.74484039678538
31,18,female,DK,3645,18,3,2,3,2,3273,1Hopeful ,emo,3.56169753265399
31,18,female,Direct,1964,7,4,4,2,2,2551,2Arm,object,3.29314148345093
31,18,female,Direct,3386,18,4,2,5,3,3851,2Book,object,3.52968695377292
31,18,female,Direct,3093,17,5,5,5,2,1995,2Car,object,3.49037992000318
31,18,female,Direct,2286,17,3,3,3,1,3073,2Chair,object,3.35907622605926
31,18,female,Direct,11248,15,4,2,5,1,7763,2Grass,object,4.05107530767575
31,18,female,Direct,4523,11,4,2,4,1,4883,2River,object,3.65542658774592
31,18,female,Direct,2523,17,4,2,4,2,2452,2Salad,object,3.40191725051757
31,18,female,Gen,2795,17,3,1,3,2,3721,2Insect,object,3.44638181222244
31,18,female,DK,1697,18,2,1,3,2,4193,2Apple,object,3.22968184231768
31,18,female,DK,6264,18,2,1,3,2,4217,2Potato,object,3.79685174904989
32,24,male,Direct,2973,21,1,1,3,2,6109,1Devoted,emo,3.47319490920494
32,24,male,Direct,4003,23,4,3,5,3,4575,1Hopeful ,emo,3.60238559010511
32,24,male,Direct,14400,21,3,4,5,1,12898,1Relieved,emo,4.15836249209525
32,24,male,Gen,5031,21,5,5,5,3,11504,1Amazed,emo,3.70165431732575
32,24,male,Gen,6257,14,4,3,4,1,2196,1Eager,emo,3.79636615497752
32,24,male,Gen,15865,22,4,4,4,3,4664,1Enjoying,emo,4.20044007643643
32,24,male,Gen,12391,22,4,2,4,1,6516,1Excited,emo,4.09310635697791
32,24,male,Gen,6972,24,4,4,4,1,5952,1Happy,emo,3.84335737843796
32,24,male,Gen,3544,24,5,4,5,1,3810,1Humorous,emo,3.54949371321501
32,24,male,Gen,7931,22,5,4,5,1,1923,1Proud,emo,3.89932794987765
32,24,male,Direct,9933,24,2,1,3,2,6615,2Apple,object,3.99708043547173
32,24,male,Direct,10234,21,5,4,1,3,17035,2Insect,object,4.0100454126361
32,24,male,Direct,13014,16,2,1,3,2,9075,2Potato,object,4.11441080239784
32,24,male,Gen,4207,20,4,5,1,1,3693,2Arm,object,3.623972512017
32,24,male,Gen,7820,24,3,1,3,2,10305,2Book,object,3.89320675305985
32,24,male,Gen,1543,19,3,1,2,1,1739,2Car,object,3.18836592606315
32,24,male,Gen,3771,12,4,4,4,2,6188,2Chair,object,3.57645653240562
32,24,male,Gen,12489,20,4,3,4,1,2782,2Grass,object,4.09652766560644
32,24,male,Gen,3560,18,4,2,3,2,4266,2River,object,3.55144999797288
32,24,male,Gen,1336,21,3,1,3,1,2889,2Salad,object,3.12580645813953
33,18,female,Gen,1755,18,4,4,5,2,1268,1Amazed,emo,3.24427712080184
33,18,female,Gen,3678,18,4,4,5,2,2583,1Devoted,emo,3.56561172490206
33,18,female,Gen,1411,18,3,3,5,2,248,1Eager,emo,3.14952701375435
33,18,female,Gen,1473,71,3,3,3,2,1451,1Enjoying,emo,3.16820274684263
33,18,female,Gen,990,18,3,3,5,2,823,1Excited,emo,2.99563519459755
33,18,female,Gen,1312,18,4,4,5,2,704,1Happy,emo,3.11793383503964
33,18,female,Gen,1682,18,4,3,3,2,315,1Hopeful ,emo,3.22582599146189
33,18,female,Gen,1102,18,3,3,3,2,432,1Humorous,emo,3.04218159451577
33,18,female,Gen,1780,17,4,4,4,2,1581,1Proud,emo,3.25042000230889
33,18,female,Gen,1720,17,2,2,4,2,1514,1Relieved,emo,3.23552844690755
33,18,female,Gen,2325,11,3,3,3,2,531,2Apple,object,3.36642295722597
33,18,female,Gen,1051,18,3,3,3,2,560,2Arm,object,3.02160271602824
33,18,female,Gen,1317,15,3,3,5,2,353,2Book,object,3.11958577496178
33,18,female,Gen,1175,18,3,3,3,2,1252,2Car,object,3.07003786660775
33,18,female,Gen,1174,80,3,3,3,2,265,2Grass,object,3.0696680969116
33,18,female,Gen,1102,10,3,3,1,2,725,2Insect,object,3.04218159451577
33,18,female,Gen,1424,18,3,3,3,2,1212,2Potato,object,3.15350998930084
33,18,female,Gen,1593,18,3,3,5,2,1115,2River,object,3.20221577580113
33,18,female,Gen,1111,16,3,3,3,2,239,2Salad,object,3.04571405894087
33,18,female,DK,14532,17,2,1,3,2,7944,2Chair,object,4.16232538919068
34,23,female,Direct,2398,22,4,4,4,1,1040,1Excited,emo,3.37984917876283
34,23,female,Direct,4579,20,4,4,4,1,958,1Hopeful ,emo,3.6607706435277
34,23,female,Gen,14564,23,5,5,5,1,2171,1Amazed,emo,4.16328067026191
34,23,female,Gen,1969,23,4,4,4,1,974,1Devoted,emo,3.29424571613812
34,23,female,Gen,1953,23,5,5,5,1,2384,1Eager,emo,3.29070224328785
34,23,female,Gen,1722,23,5,5,5,1,1169,1Enjoying,emo,3.23603314711764
34,23,female,Gen,3085,32,3,4,5,1,1375,1Happy,emo,3.48925516836926
34,23,female,Gen,1362,22,5,5,5,1,2263,1Humorous,emo,3.13417710757677
34,23,female,Gen,7054,23,5,5,5,1,874,1Proud,emo,3.84843545533147
34,23,female,Gen,1354,23,5,5,5,1,1028,1Relieved,emo,3.13161866434913
34,23,female,Direct,1761,22,4,3,2,1,768,2Book,object,3.24575935596728
34,23,female,Direct,5346,10,2,1,4,3,8050,2River,object,3.72802895442052
34,23,female,Gen,1423,23,4,3,2,1,1882,2Arm,object,3.15320490008428
34,23,female,Gen,1520,21,4,4,2,1,902,2Car,object,3.18184358794477
34,23,female,Gen,2024,22,4,4,4,1,1091,2Chair,object,3.30621050816776
34,23,female,Gen,6319,8,4,3,4,1,1057,2Grass,object,3.80064835536399
34,23,female,Gen,3763,11,4,4,1,1,731,2Insect,object,3.57553421831986
34,23,female,Gen,2272,12,2,2,2,1,1442,2Potato,object,3.35640832703898
34,23,female,Gen,4063,23,3,3,3,1,951,2Salad,object,3.60884682232641
34,23,female,DK,4486,22,3,1,3,1,1498,2Apple,object,3.65185926924695
35,20,female,Direct,5444,15,4,4,5,2,5695,1Humorous,emo,3.7359181165313
35,20,female,Direct,7109,7,3,3,4,1,3150,1Proud,emo,3.85180851422824
35,20,female,Gen,3061,11,3,3,3,2,6305,1Devoted,emo,3.48586332959733
35,20,female,Gen,4312,5,4,3,4,1,2990,1Excited,emo,3.63467875217868
35,20,female,Gen,5402,17,3,3,4,3,3234,1Happy,emo,3.73255457985143
35,20,female,DK,1959,15,3,3,3,1,2651,1Amazed,emo,3.29203443599474
35,20,female,DK,27852,19,3,3,3,1,6936,1Eager,emo,4.44485638650354
35,20,female,DK,2811,12,4,3,4,1,3248,1Enjoying,emo,3.44886084560744
35,20,female,DK,15715,5,4,4,5,3,10877,1Hopeful ,emo,4.1963143853536
35,20,female,DK,4272,14,3,3,2,1,5155,1Relieved,emo,3.6306312440205
35,20,female,Direct,3603,7,4,3,2,1,1628,2Apple,object,3.55666426212257
35,20,female,Direct,10274,20,3,3,3,1,3690,2Arm,object,4.01173956138832
35,20,female,Direct,1611,19,3,3,4,2,3262,2Grass,object,3.20709554041922
35,20,female,Gen,2612,7,4,3,3,1,4141,2Book,object,3.41697317260304
35,20,female,Gen,5917,14,3,2,3,1,5391,2Car,object,3.77210156927701
35,20,female,Gen,9519,18,3,3,4,2,3352,2Chair,object,3.97859132682007
35,20,female,Gen,1695,10,4,4,2,1,2785,2Insect,object,3.2291697025391
35,20,female,Gen,1815,15,3,3,3,2,2020,2Potato,object,3.25887662937213
35,20,female,Gen,1660,17,3,3,4,3,6368,2Salad,object,3.22010808804005
35,20,female,DK,16787,9,3,3,4,2,4735,2River,object,4.22497309042883
36,27,female,Direct,4525,7,3,3,3,2,6453,1Devoted,emo,3.65561858354122
36,27,female,Direct,4243,11,4,4,2,3,3104,1Eager,emo,3.62767303176662
36,27,female,Direct,8430,22,4,3,4,1,7690,1Excited,emo,3.92582757462474
36,27,female,Direct,1117,14,2,2,3,1,1599,1Happy,emo,3.04805317311561
36,27,female,Direct,1678,18,4,4,4,1,2073,1Hopeful ,emo,3.22479195649268
36,27,female,Gen,2276,22,2,2,5,3,2675,1Humorous,emo,3.35717225772303
36,27,female,Gen,2952,17,3,3,5,1,3117,1Proud,emo,3.470116353151
36,27,female,Gen,3823,17,3,3,4,1,2446,1Relieved,emo,3.58240429801903
36,27,female,DK,2626,8,1,1,3,1,3273,1Amazed,emo,3.41929472175346
36,27,female,DK,6589,15,2,3,4,2,3093,1Enjoying,emo,3.81881950754754
36,27,female,Direct,16801,8,2,3,5,1,13744,2Grass,object,4.22533513181854
36,27,female,Direct,8675,8,1,1,3,1,1048,2Insect,object,3.93826948346291
36,27,female,Direct,10866,19,2,3,2,2,6542,2Salad,object,4.0360697006977
36,27,female,Gen,3711,18,5,4,1,1,1991,2Car,object,3.56949095434878
36,27,female,Gen,2302,11,4,4,5,1,2555,2River,object,3.36210531929377
36,27,female,DK,5642,6,2,2,2,1,4213,2Apple,object,3.75143308181935
36,27,female,DK,2279,90,1,1,3,1,9141,2Arm,object,3.35774432518038
36,27,female,DK,19514,10,4,4,5,1,3836,2Book,object,4.29034630065393
36,27,female,DK,2021,10,3,3,3,1,4661,2Chair,object,3.3055663135153
36,27,female,DK,8323,10,2,2,4,1,3988,2Potato,object,3.92027989463295
